BARREIRA ARTICULADA CANCELA AGUSTA BRUSHLESS AGL DC COM LED - 3,0m
BARREIRA ARTICULADA CANCELA AGUSTA BRUSHLESS AGL DC COM LED - 3,0m EX
BARREIRA ARTICULADA CANCELA AGUSTA BRUSHLESS AGL DC COM LED - 3,5m
BARREIRA ARTICULADA CANCELA AGUSTA BRUSHLESS AGL DC COM LED - 3,5m EX
BARREIRA ARTICULADA CANCELA AGUSTA BRUSHLESS AGL DC COM LED - 4,0m
BARREIRA ARTICULADA CANCELA AGUSTA BRUSHLESS AGL DC COM LED - 4,0m EX
BARREIRA ARTICULADA CANCELA AGUSTA BRUSHLESS AGL DC COM LED - 5,0m
BARREIRA ARTICULADA CANCELA AGUSTA BRUSHLESS AGL DC COM LED - 5,5m E PÉ DIREITO DE 4,0M
BARREIRA ARTICULADA CANCELA AGUSTA BRUSHLESS AGL DC COM LED - 6,0M
BARREIRA ARTICULADA CANCELA AGUSTA BRUSHLESS AGL DC SEM LED - 3,0m
BARREIRA ARTICULADA CANCELA AGUSTA BRUSHLESS AGL DC SEM LED - 3,0m EX
BARREIRA ARTICULADA CANCELA AGUSTA BRUSHLESS AGL DC SEM LED - 3,5m
BARREIRA ARTICULADA CANCELA AGUSTA BRUSHLESS AGL DC SEM LED - 3,5m EX
BARREIRA ARTICULADA CANCELA AGUSTA BRUSHLESS AGL DC SEM LED - 4,0m
BARREIRA ARTICULADA CANCELA AGUSTA BRUSHLESS AGL DC SEM LED - 4,0m EX
BARREIRA ARTICULADA CANCELA AGUSTA BRUSHLESS AGL DC SEM LED - 5,0m
BARREIRA ARTICULADA CANCELA AGUSTA BRUSHLESS AGL DC SEM LED - 5,5m E PÉ DIREITO DE 4,0M
BARREIRA ARTICULADA CANCELA AGUSTA BRUSHLESS AGL DC SEM LED - 6,0M
BARREIRA ARTICULADA CANCELA AGUSTA BRUSHLESS SEM LOGO DC COM LED - 2,5m
BARREIRA ARTICULADA CANCELA AGUSTA BRUSHLESS SEM LOGO DC COM LED - 3,0
BARREIRA ARTICULADA CANCELA AGUSTA BRUSHLESS SEM LOGO DC COM LED - 3,5m
BARREIRA ARTICULADA CANCELA AGUSTA BRUSHLESS SEM LOGO DC COM LED - 4,0m
BARREIRA ARTICULADA CANCELA AGUSTA BRUSHLESS SEM LOGO DC COM LED - 4,5m
BARREIRA ARTICULADA CANCELA AGUSTA BRUSHLESS SEM LOGO DC COM LED - 5,0m
BARREIRA ARTICULADA CANCELA AGUSTA BRUSHLESS SEM LOGO DC COM LED - 5,5m
BARREIRA ARTICULADA CANCELA AGUSTA BRUSHLESS SEM LOGO DC COM LED - 6,0m
BARREIRA ARTICULADA CANCELA AGUSTA BRUSHLESS SEM LOGO DC SEM LED - 2,5m
BARREIRA ARTICULADA CANCELA AGUSTA BRUSHLESS SEM LOGO DC SEM LED - 3,0M
BARREIRA ARTICULADA CANCELA AGUSTA BRUSHLESS SEM LOGO DC SEM LED - 4,0m
BARREIRA ARTICULADA CANCELA AGUSTA BRUSHLESS SEM LOGO DC SEM LED - 5,0m
BARREIRA ARTICULADA CANCELA AGUSTA BRUSHLESS SEM LOGO DC SEM LED - 6,0m
BARREIRA BIPARTIDA LOG  PARA CANCELA AGUSTA BRUSHLESS AGL DC SEM LED - 5,5m
BARREIRA BIPARTIDA LOG PARA CANCELA AGUSTA BRUSHLESS AGL DC SEM LED - 3,0m
BARREIRA BIPARTIDA LOG PARA CANCELA AGUSTA BRUSHLESS AGL DC SEM LED - 3,5m
BARREIRA BIPARTIDA LOG PARA CANCELA AGUSTA BRUSHLESS AGL DC SEM LED - 4,0m
BARREIRA BIPARTIDA LOG PARA CANCELA AGUSTA BRUSHLESS AGL DC SEM LED - 4,5m
BARREIRA BIPARTIDA LOG PARA CANCELA AGUSTA BRUSHLESS AGL DC SEM LED - 5,0m
BARREIRA BIPARTIDA LOG PARA CANCELA AGUSTA BRUSHLESS AGL DC SEM LED - 6,0m
BARREIRA CANCELA AGUSTA BRUSHLESS AGL DC COM LED - 0,5m
BARREIRA CANCELA AGUSTA BRUSHLESS AGL DC COM LED - 1,5m
BARREIRA CANCELA AGUSTA BRUSHLESS AGL DC COM LED - 2,0m
BARREIRA CANCELA AGUSTA BRUSHLESS AGL DC COM LED - 2,0m - EX
BARREIRA CANCELA AGUSTA BRUSHLESS AGL DC COM LED - 2,5m
BARREIRA CANCELA AGUSTA BRUSHLESS AGL DC COM LED - 2,5m - EX
BARREIRA CANCELA AGUSTA BRUSHLESS AGL DC COM LED - 3,0m
BARREIRA CANCELA AGUSTA BRUSHLESS AGL DC COM LED - 3,0m EX
BARREIRA CANCELA AGUSTA BRUSHLESS AGL DC COM LED - 3,5m
BARREIRA CANCELA AGUSTA BRUSHLESS AGL DC COM LED - 3,5m EX
BARREIRA CANCELA AGUSTA BRUSHLESS AGL DC COM LED - 4,0m
BARREIRA CANCELA AGUSTA BRUSHLESS AGL DC COM LED - 4,0m EX
BARREIRA CANCELA AGUSTA BRUSHLESS AGL DC COM LED - 4,5m
BARREIRA CANCELA AGUSTA BRUSHLESS AGL DC COM LED - 4,5m EX
BARREIRA CANCELA AGUSTA BRUSHLESS AGL DC COM LED - 5,0m
BARREIRA CANCELA AGUSTA BRUSHLESS AGL DC COM LED - 5,0m EX
BARREIRA CANCELA AGUSTA BRUSHLESS AGL DC COM LED - 5,5m
BARREIRA CANCELA AGUSTA BRUSHLESS AGL DC COM LED - 6,0m EX
BARREIRA CANCELA AGUSTA BRUSHLESS AGL DC COM LED - 6,0m EX
"BARREIRA CANCELA AGUSTA BRUSHLESS AGL DC COM LED - 6,0m	"
BARREIRA CANCELA AGUSTA BRUSHLESS AGL DC SEM LED - 2,0m
BARREIRA CANCELA AGUSTA BRUSHLESS AGL DC SEM LED - 2,0m EX
BARREIRA CANCELA AGUSTA BRUSHLESS AGL DC SEM LED - 2,0m EX
BARREIRA CANCELA AGUSTA BRUSHLESS AGL DC SEM LED - 2,5m
BARREIRA CANCELA AGUSTA BRUSHLESS AGL DC SEM LED - 2,5m EX
BARREIRA CANCELA AGUSTA BRUSHLESS AGL DC SEM LED - 2,5m EX
BARREIRA CANCELA AGUSTA BRUSHLESS AGL DC SEM LED - 3,0m
BARREIRA CANCELA AGUSTA BRUSHLESS AGL DC SEM LED - 3,0m EX
BARREIRA CANCELA AGUSTA BRUSHLESS AGL DC SEM LED - 3,0m EX
BARREIRA CANCELA AGUSTA BRUSHLESS AGL DC SEM LED - 3,5m
BARREIRA CANCELA AGUSTA BRUSHLESS AGL DC SEM LED - 3,5m EX
BARREIRA CANCELA AGUSTA BRUSHLESS AGL DC SEM LED - 4,0m
BARREIRA CANCELA AGUSTA BRUSHLESS AGL DC SEM LED - 4,0m EX
BARREIRA CANCELA AGUSTA BRUSHLESS AGL DC SEM LED - 4,5m
BARREIRA CANCELA AGUSTA BRUSHLESS AGL DC SEM LED - 4,5m EX
BARREIRA CANCELA AGUSTA BRUSHLESS AGL DC SEM LED - 4,5m EX
BARREIRA CANCELA AGUSTA BRUSHLESS AGL DC SEM LED - 5,0m
BARREIRA CANCELA AGUSTA BRUSHLESS AGL DC SEM LED - 5,0m EX
BARREIRA CANCELA AGUSTA BRUSHLESS AGL DC SEM LED - 5,0m EX
BARREIRA CANCELA AGUSTA BRUSHLESS AGL DC SEM LED - 5,5m
BARREIRA CANCELA AGUSTA BRUSHLESS AGL DC SEM LED - 6,0m
BARREIRA CANCELA AGUSTA BRUSHLESS AGL DC SEM LED - 6,0m EX
BARREIRA CANCELA AGUSTA BRUSHLESS SEM LOGO DC COM LED - 3,0m
BARREIRA CANCELA AGUSTA BRUSHLESS SEM LOGO DC COM LED - 3,0m EX
BARREIRA CANCELA AGUSTA BRUSHLESS SEM LOGO DC COM LED - 3,5m
BARREIRA CANCELA AGUSTA BRUSHLESS SEM LOGO DC COM LED - 3,5m EX
BARREIRA CANCELA AGUSTA BRUSHLESS SEM LOGO DC COM LED - 4,0m
BARREIRA CANCELA AGUSTA BRUSHLESS SEM LOGO DC COM LED - 4,5m
BARREIRA CANCELA AGUSTA BRUSHLESS SEM LOGO DC COM LED - 5,0m
BARREIRA CANCELA AGUSTA BRUSHLESS SEM LOGO DC COM LED - 5,0m EX
BARREIRA CANCELA AGUSTA BRUSHLESS SEM LOGO DC COM LED - 5,5m
BARREIRA CANCELA AGUSTA BRUSHLESS SEM LOGO DC COM LED - 5,5m EX
BARREIRA CANCELA AGUSTA BRUSHLESS SEM LOGO DC COM LED - 6,0m
BARREIRA CANCELA AGUSTA BRUSHLESS SEM LOGO DC SEM LED - 3,0m
BARREIRA CANCELA AGUSTA BRUSHLESS SEM LOGO DC SEM LED - 3,5
BARREIRA CANCELA AGUSTA BRUSHLESS SEM LOGO DC SEM LED - 4,0m
BARREIRA CANCELA AGUSTA BRUSHLESS SEM LOGO DC SEM LED - 4,5
BARREIRA CANCELA AGUSTA BRUSHLESS SEM LOGO DC SEM LED - 5,0m
BARREIRA CANCELA AGUSTA BRUSHLESS SEM LOGO DC SEM LED - 5,5m
BARREIRA CANCELA AGUSTA BRUSHLESS SEM LOGO DC SEM LED - 6,0m
